nombre,apellido,ciudad
Kenneth Carey,Miller,New Gailland
Angela Campbell,Henry,South Veronicaside
Jessica Schmidt,Bradley,North Mark
Jonathan Myers,Brennan,Port Robertfort
Lauren Kelley,Hester,Leemouth
Dawn David,Landry,West Ashleyfurt
Tyler Williams,Morales,Bellstad
Steven Reilly,Krueger,Chandlermouth
Erica Turner,Miller,Shahchester
Michael Clark,Pham,Port Deanna
Curtis Page,Stout,Carterfurt
Kristina Wright,Munoz,Gabriellaview
Samantha Powell,Herring,Fryport
Cindy Smith,Mcclure,Brentville
Mia Allen,Valenzuela,New Rebecca
Jeffrey Jones,Berry,North Sherryton
Andrew Ortiz,White,Huntbury
Shannon Aguilar,Sharp,West James
Gwendolyn Smith,Flores,Joelland
Stephanie Everett,Johnson,Michaelfort
James Stewart,Carey,Garrisonside
Dawn Shepherd,Moran,Baileystad
Wanda Sanchez,Summers,Robinchester
Michael Davis,Munoz,East Jamie
David Saunders,Fisher,East John
Sarah Smith,Munoz,Jonathanland
Aaron Rodriguez,Gray,Lake Rebecca
Brianna Lee,Wallace,North Tyler
Laura Forbes,Mills,South Alexandraville
Tiffany Johnson,Martinez,Port Kennethchester
Chelsea Torres,Luna,South Ashley
Lisa Snow,Lee,Nicholasbury
David Hansen,Gibson,West Bailey
Janice Serrano,Moran,West Jerryshire
Jennifer Jones,Moore,Hamiltonview
Benjamin Tucker,Barnes,New Emmaside
Dale Stewart,Gomez,Phamport
John Miranda,Herrera,East Michelle
Misty Robinson,Wright,Cantrellshire
Cameron Smith,Flores,Lake Cindyton
Christopher Cooley,Ramos,Blankenshipmouth
Samantha Bates,Lewis,West Katherinehaven
Rodney Greene,Meza,West Lorichester
Sarah Levine,Jones,Port Anthonyport
Christopher Martin,Black,Port Lisaview
Anna Kelley,Johnson,New Lorihaven
Sean Myers,Jones,Jonesstad
Lori Hanna,Bentley,Erikamouth
Christine Duncan,Richardson,Richardport
Donna Turner,James,Rodriguezbury
Kara Rodriguez,Church,Kellyfort
