,nombre,inicial,mayuscula
0,Robert Hood,R,ROBERT HOOD
1,Samantha Lewis,S,SAMANTHA LEWIS
2,Erika Dodson,E,ERIKA DODSON
3,George Clark MD,G,GEORGE CLARK MD
4,Patricia Wilson,P,PATRICIA WILSON
5,Brad Cruz,B,BRAD CRUZ
6,Jessica Mccullough,J,JESSICA MCCULLOUGH
7,John Jones,J,JOHN JONES
8,Oscar Sullivan,O,OSCAR SULLIVAN
9,Kimberly Davis,K,KIMBERLY DAVIS
10,Jennifer Klein,J,JENNIFER KLEIN
11,Gabrielle Howell,G,GABRIELLE HOWELL
12,Allen Harrington,A,ALLEN HARRINGTON
13,Scott Clark MD,S,SCOTT CLARK MD
14,John Browning,J,JOHN BROWNING
15,Sydney Callahan,S,SYDNEY CALLAHAN
16,Martha Vazquez,M,MARTHA VAZQUEZ
17,Patricia Wall,P,PATRICIA WALL
18,Barbara Kirby,B,BARBARA KIRBY
19,Emily Lopez,E,EMILY LOPEZ
20,Joshua English,J,JOSHUA ENGLISH
21,Patrick Garcia,P,PATRICK GARCIA
22,Eric Knapp,E,ERIC KNAPP
23,Michelle Roth,M,MICHELLE ROTH
24,Kimberly Robinson,K,KIMBERLY ROBINSON
25,Tyler Higgins,T,TYLER HIGGINS
26,Mary Simpson,M,MARY SIMPSON
27,Jennifer Davenport,J,JENNIFER DAVENPORT
28,Rebecca Brown,R,REBECCA BROWN
29,Tammy Kelley,T,TAMMY KELLEY
30,Brett Jackson,B,BRETT JACKSON
31,Dr. Johnny Carney,D,DR. JOHNNY CARNEY
32,David Knox,D,DAVID KNOX
33,Pamela Thompson,P,PAMELA THOMPSON
34,Tracy Davis,T,TRACY DAVIS
35,Amy Taylor,A,AMY TAYLOR
36,Donald Reese,D,DONALD REESE
37,Anna Peterson,A,ANNA PETERSON
38,Patrick Torres,P,PATRICK TORRES
39,Robert Logan,R,ROBERT LOGAN
40,Rachel Munoz,R,RACHEL MUNOZ
41,Amy Collins,A,AMY COLLINS
42,Jennifer Mullins,J,JENNIFER MULLINS
43,Kathleen Smith,K,KATHLEEN SMITH
44,Kelly Harris,K,KELLY HARRIS
45,Chelsea Gilbert,C,CHELSEA GILBERT
46,Courtney Harris,C,COURTNEY HARRIS
47,Christina Simpson,C,CHRISTINA SIMPSON
48,Jermaine Mccoy,J,JERMAINE MCCOY
49,Jennifer Espinoza,J,JENNIFER ESPINOZA
50,George Barker,G,GEORGE BARKER
